{"data_time": 0.004591428209096193, "epoch": 0, "inner-iteration": 4, "iter_time": 0.05192819191142917, "logit_binary_cross_entropy_loss": 1288.0743408203125, "lr": 1.2505555555555557e-05, "total_loss": 1288.0743408203125}
{"data_time": 0.0033724706154316664, "epoch": 0, "inner-iteration": 9, "iter_time": 0.050655986880883574, "logit_binary_cross_entropy_loss": 1283.7506713867188, "lr": 1.2512500000000003e-05, "total_loss": 1283.7506713867188}
{"data_time": 0.003073439933359623, "epoch": 0, "inner-iteration": 14, "iter_time": 0.04938378185033798, "logit_binary_cross_entropy_loss": 1277.411865234375, "lr": 1.2519444444444445e-05, "total_loss": 1277.411865234375}
{"data_time": 0.0030553615652024746, "epoch": 0, "inner-iteration": 19, "iter_time": 0.051332472590729594, "logit_binary_cross_entropy_loss": 1270.2090454101562, "lr": 1.252638888888889e-05, "total_loss": 1270.2090454101562}
{"data_time": 0.0030553615652024746, "epoch": 0, "inner-iteration": 24, "iter_time": 0.05573578248731792, "logit_binary_cross_entropy_loss": 1258.08740234375, "lr": 1.2533333333333332e-05, "total_loss": 1258.08740234375}
{"data_time": 0.0032408330589532852, "epoch": 0, "inner-iteration": 29, "iter_time": 0.053459891583770514, "logit_binary_cross_entropy_loss": 1244.3326416015625, "lr": 1.2540277777777778e-05, "total_loss": 1244.3326416015625}
{"data_time": 0.0035895444452762604, "epoch": 0, "inner-iteration": 34, "iter_time": 0.0578506332822144, "logit_binary_cross_entropy_loss": 1234.0599975585938, "lr": 1.2547222222222222e-05, "total_loss": 1234.0599975585938}
{"data_time": 0.0034671244211494923, "epoch": 0, "inner-iteration": 39, "iter_time": 0.05299452948383987, "logit_binary_cross_entropy_loss": 1213.6614379882812, "lr": 1.2554166666666667e-05, "total_loss": 1213.6614379882812}
{"data_time": 0.0037695348728448153, "epoch": 0, "inner-iteration": 44, "iter_time": 0.05446932278573513, "logit_binary_cross_entropy_loss": 1198.2147827148438, "lr": 1.2561111111111113e-05, "total_loss": 1198.2147827148438}
{"data_time": 0.003500294405966997, "epoch": 0, "inner-iteration": 49, "iter_time": 0.05446932278573513, "logit_binary_cross_entropy_loss": 1183.6069946289062, "lr": 1.2568055555555555e-05, "total_loss": 1183.6069946289062}
{"data_time": 0.003346407786011696, "epoch": 0, "inner-iteration": 54, "iter_time": 0.04463780974037945, "logit_binary_cross_entropy_loss": 1165.888427734375, "lr": 1.2575e-05, "total_loss": 1165.888427734375}
{"data_time": 0.0033311559818685055, "epoch": 0, "inner-iteration": 59, "iter_time": 0.04288819804787636, "logit_binary_cross_entropy_loss": 1134.765869140625, "lr": 1.2581944444444446e-05, "total_loss": 1134.765869140625}
{"data_time": 0.0028845604974776506, "epoch": 0, "inner-iteration": 64, "iter_time": 0.04288819804787636, "logit_binary_cross_entropy_loss": 1111.2644653320312, "lr": 1.2588888888888888e-05, "total_loss": 1111.2644653320312}
{"data_time": 0.003128594486042857, "epoch": 0, "inner-iteration": 69, "iter_time": 0.04338200599886477, "logit_binary_cross_entropy_loss": 1085.466796875, "lr": 1.2595833333333334e-05, "total_loss": 1085.466796875}
{"data_time": 0.002872091019526124, "epoch": 0, "inner-iteration": 74, "iter_time": 0.04338200599886477, "logit_binary_cross_entropy_loss": 1052.0902099609375, "lr": 1.260277777777778e-05, "total_loss": 1052.0902099609375}
